_id,place_id,image_id,version,image_index
1,1,production/1_1,1594635406,0
2,1,production/1_3,1567600240,1
3,1,production/1_4,1418674343,2
4,1,production/1_5,1418674321,3
5,1,production/1_6,1418674309,4
6,10,production/10_3,1418674312,0
7,10,production/10_2,1418674325,1
8,10,production/10_1,1418674339,2
9,10,production/10_5,1418674386,3
10,10,production/10_4,1418674394,4
11,101,production/101_1,1487681744,0
12,101,production/101_5,1487610244,1
13,101,production/101_4,1487610241,2
14,101,production/101_3,1487610247,3
15,101,production/101_2,1487610240,4
16,100,production/100_3,1417707882,0
17,100,production/100_2,1417708087,1
18,100,production/100_1,1417708361,2
19,102,production/102_1,1417708253,0
20,103,production/103_1,1418399354,0
21,104,production/104_1,1418124326,0
22,106,production/106_1,1418483262,0
23,106,production/106_2,1418483277,1
24,106,production/106_3,1418483232,2
25,107,production/107_1,1417788127,0
26,107,production/107_5,1417788132,1
27,107,production/107_4,1417788253,2
28,108,production/108_2,1621851966,0
29,108,production/108_1,1621851957,1
30,108,production/108_3,1621851951,2
31,108,production/108_4,1621851950,3
32,109,production/109_1,1450196439,0
33,11,production/11_1,1417708083,0
34,11,production/11_3,1417708198,1
35,110,production/110_3,1417707902,0
36,110,production/110_1,1417707969,1
37,110,production/110_4,1417708054,2
38,110,production/110_5,1417708261,3
39,110,production/110_2,1417708397,4
40,111,production/111_1,1435678882,0
41,111,production/111_2,1418387291,1
42,111,production/111_4,1418387571,2
43,111,production/111_5,1418387583,3
44,111,production/111_3,1418387595,4
45,1130,production/1130_1,1422226189,0
46,112,production/112_3,1418487421,0
47,112,production/112_1,1418487316,1
48,112,production/112_2,1418487428,2
49,112,production/112_5,1418487352,3
50,112,production/112_4,1418487359,4
51,114,production/114_1,1418490867,0
52,117,production/117_1,1416578218,0
53,117,production/117_2,1416578198,1
54,117,production/117_3,1416578155,2
55,115,production/115_1,1418677584,0
56,115,production/115_2,1418677611,1
57,115,production/115_3,1418677622,2
58,115,production/115_4,1418677630,3
59,115,production/115_5,1418677687,4
60,118,production/118_2,1418122210,0
61,118,production/118_1,1418122211,1
62,12,production/12_4,1418674483,0
63,12,production/12_3,1418674456,1
64,12,production/12_1,1418674403,2
65,119,production/119_10,1578934117,0
66,119,production/119_5,1578934114,1
67,119,production/119_9,1578934114,2
68,119,production/119_7,1578934112,3
69,119,production/119_8,1578934112,4
70,119,production/119_3,1578934108,5
71,119,production/119_2,1578934108,6
72,119,production/119_6,1578934106,7
73,119,production/119_1,1578934105,8
74,119,production/119_4,1578934104,9
75,120,production/120_2,1418490731,0
76,120,production/120_5,1418490767,1
77,120,production/120_3,1418490771,2
78,120,production/120_1,1418490843,3
79,121,production/121_1,1421769176,0
80,122,production/122_3,1418122464,0
81,123,production/123_2,1418483402,0
82,123,production/123_5,1418483389,1
83,123,production/123_3,1418483310,2
84,123,production/123_4,1418483301,3
85,123,production/123_1,1418483278,4
86,125,production/125_1,1418387522,0
87,124,production/124_1,1417788177,0
88,124,production/124_5,1417788399,1
89,124,production/124_4,1417788415,2
90,124,production/124_3,1417788415,3
91,124,production/124_2,1417788436,4
92,126,production/126_1,1418490801,0
93,127,production/127_2,1416579564,0
94,127,production/127_4,1416579550,1
95,127,production/127_1,1416579548,2
96,127,production/127_5,1416579504,3
97,127,production/127_3,1416579500,4
98,128,production/128_2,1418487398,0
99,128,production/128_1,1418487387,1
100,129,production/129_2,1418483371,0
101,129,production/129_3,1418483382,1
102,129,production/129_1,1418483405,2
103,13,production/13_4,1417707931,0
104,13,production/13_5,1417707993,1
105,13,production/13_2,1417708084,2
106,13,production/13_1,1417708340,3
107,13,production/13_3,1417708478,4
108,130,production/130_1,1418677757,0
109,130,production/130_3,1418677796,1
110,130,production/130_2,1418678519,2
111,131,production/131_5,1497449586,0
112,131,production/131_4,1497449584,1
113,131,production/131_3,1497449583,2
114,131,production/131_2,1497449585,3
115,131,production/131_1,1497449584,4
116,131,production/131_6,1416579525,5
117,131,production/131_7,1416579544,6
118,131,production/131_8,1416579583,7
119,131,production/131_9,1416579622,8
120,131,production/131_10,1416579641,9
121,132,production/132_2,1427102401,0
122,132,production/132_1,1427102401,1
123,133,production/133_5,1417707907,0
124,133,production/133_2,1417708130,1
125,133,production/133_4,1417708150,2
126,133,production/133_3,1417708296,3
127,133,production/133_1,1417708342,4
128,134,production/134_10,1551979791,0
129,134,production/134_1,1551979635,1
130,134,production/134_9,1551978451,2
131,134,production/134_6,1551978450,3
132,134,production/134_8,1551978447,4
133,134,production/134_7,1551979537,5
134,134,production/134_4,1551978444,6
135,134,production/134_5,1551978444,7
136,134,production/134_3,1551979324,8
137,134,production/134_2,1551978444,9
138,135,production/135_1,1418487430,0
139,137,production/137_1,1418136175,0
140,138,production/138_2,1418487426,0
141,138,production/138_3,1418487493,1
142,138,production/138_1,1418487561,2
143,139,production/139_1,1418483412,0
144,14,production/14_3,1418481079,0
145,14,production/14_2,1418481134,1
146,14,production/14_1,1418481154,2
147,140,production/140_1,1418490892,0
148,140,production/140_2,1418490982,1
149,140,production/140_3,1418491057,2
150,141,production/141_2,1417707926,0
151,141,production/141_3,1417707965,1
152,141,production/141_1,1417708125,2
153,141,production/141_5,1417708292,3
154,141,production/141_4,1417708409,4
155,142,production/142_3,1418491104,0
156,142,production/142_5,1418491062,1
157,142,production/142_4,1418491045,2
158,142,production/142_2,1418490979,3
159,142,production/142_1,1418490944,4
160,143,production/143_1,1418677824,0
161,144,production/144_2,1418677825,0
162,144,production/144_3,1418678441,1
163,144,production/144_4,1418678513,2
164,144,production/144_1,1418678566,3
165,144,production/144_5,1418678571,4
166,145,production/145_1,1523881673,0
167,145,production/145_6,1498478444,1
168,145,production/145_4,1498478444,2
169,145,production/145_5,1418678784,3
170,145,production/145_3,1418678706,4
171,145,production/145_2,1418678636,5
172,149,production/149_1,1417708193,0
173,146,production/146_2,1418487450,0
174,146,production/146_1,1418487542,1
175,146,production/146_3,1418487487,2
176,146,production/146_5,1418487483,3
177,146,production/146_4,1418487509,4
178,15,production/15_3,1422292944,0
179,15,production/15_1,1422292971,1
180,15,production/15_2,1422376435,2
181,150,production/150_2,1418678623,0
182,150,production/150_3,1418678685,1
183,150,production/150_1,1418678710,2
184,151,production/151_1,1418483454,0
185,152,production/152_1,1430215334,0
186,152,production/152_5,1418678879,1
187,152,production/152_4,1418678790,2
188,152,production/152_6,1418678783,3
189,152,production/152_3,1418678713,4
190,153,production/153_1,1422224667,0
191,154,production/154_2,1418483544,0
192,154,production/154_1,1418483478,1
193,154,production/154_5,1418483486,2
194,154,production/154_3,1418483499,3
195,154,production/154_4,1418483533,4
196,155,production/155_2,1418387598,0
197,155,production/155_3,1418387563,1
198,155,production/155_1,1418387529,2
199,157,production/157_1,1418490997,0
200,157,production/157_3,1418491088,1
201,158,production/158_1,1418678751,0
202,159,production/159_5,1418483568,0
203,159,production/159_3,1418483554,1
204,159,production/159_2,1418483538,2
205,159,production/159_4,1418483565,3
206,159,production/159_1,1418483535,4
207,16,production/16_1,1450197326,0
208,160,160_6,1640166006,0
209,160,160_4,1640166005,1
210,160,160_5,1640166001,2
211,160,160_1,1640166000,3
212,160,160_2,1640166000,4
213,160,160_3,1640165989,5
214,161,production/161_3,1418388585,0
215,161,production/161_4,1418388578,1
216,161,production/161_1,1418387635,2
217,161,production/161_2,1418387520,3
218,162,production/162_1,1418483728,0
219,162,production/162_5,1418483717,1
220,162,production/162_3,1418483726,2
221,162,production/162_4,1418483698,3
222,162,production/162_2,1418483708,4
223,163,production/163_2,1416579597,0
224,163,production/163_3,1416579493,1
225,163,production/163_1,1416579485,2
226,164,production/164_1,1555596616,0
227,165,production/165_2,1469109700,0
228,165,production/165_1,1469109666,1
229,165,production/165_3,1418491219,2
230,165,production/165_4,1418491137,3
231,165,production/165_5,1418491103,4
232,166,production/166_3,1418487604,0
233,166,production/166_1,1418487528,1
234,166,production/166_2,1418487633,2
235,167,production/167_1,1422359050,0
236,168,production/168_2,1418678779,0
237,168,production/168_3,1418678803,1
238,168,production/168_1,1418678876,2
239,169,production/169_1,1549897065,0
240,169,production/169_2,1549896517,1
241,169,production/169_3,1549896517,2
242,17,production/17_3,1418481193,0
243,17,production/17_1,1418481208,1
244,17,production/17_2,1418481127,2
245,170,production/170_1,1418679696,0
246,172,production/172_5,1418679665,0
247,172,production/172_4,1418679710,1
248,172,production/172_1,1418679730,2
249,172,production/172_3,1418679755,3
250,172,production/172_2,1418679782,4
251,175,production/175_1,1418483780,0
252,175,production/175_3,1418483795,1
253,175,production/175_4,1418483795,2
254,175,production/175_2,1418483845,3
255,174,production/174_2,1549896310,0
256,174,production/174_4,1549895644,1
257,174,production/174_3,1549895644,2
258,174,production/174_1,1549895644,3
259,176,production/176_1,1445333268,0
260,176,production/176_2,1427384459,1
261,177,production/177_1,1422224534,0
262,178,production/178_1,1418679708,0
263,178,production/178_3,1418679753,1
264,178,production/178_2,1418679773,2
265,178,production/178_5,1418679805,3
266,178,production/178_4,1418679857,4
267,179,production/179_1,1418483873,0
268,18,production/18_2,1418386133,0
269,18,production/18_5,1418386137,1
270,18,production/18_4,1418386142,2
271,18,production/18_1,1418386178,3
272,18,production/18_3,1418386189,4
273,181,production/181_3,1418483871,0
274,181,production/181_4,1418483866,1
275,181,production/181_1,1418483867,2
276,181,production/181_2,1418483911,3
277,183,production/183_1,1418483934,0
278,183,production/183_5,1418483995,1
279,183,production/183_4,1418483964,2
280,183,production/183_3,1418483998,3
281,183,production/183_2,1418483992,4
282,182,production/182_2,1505406111,0
283,182,production/182_3,1505406109,1
284,182,production/182_5,1421768078,2
285,182,production/182_1,1421768070,3
286,182,production/182_6,1421768059,4
287,182,production/182_4,1421768036,5
288,185,production/185_2,1557746603,0
289,185,production/185_1,1557746596,1
290,185,production/185_3,1557746596,2
291,185,production/185_4,1557746595,3
292,185,production/185_5,1557746595,4
293,186,production/186_1,1418483997,0
294,187,production/187_2,1457108274,0
295,187,production/187_1,1418388662,1
296,187,production/187_3,1418388694,2
297,188,production/188_1,1418388675,0
298,189,production/189_3,1649251461,0
299,189,production/189_2,1649251459,1
300,189,production/189_1,1649251457,2
301,189,production/189_4,1649251457,3
302,189,production/189_5,1649251457,4
303,189,production/189_6,1649251456,5
304,19,production/19_1,1433411151,0
305,19,production/19_5,1418674495,1
306,19,production/19_4,1418674488,2
307,19,production/19_3,1418674482,3
308,19,production/19_2,1418674437,4
309,190,production/190_1,1450196475,0
310,191,production/191_3,1422359374,0
311,191,production/191_1,1422359370,1
312,191,production/191_4,1422359355,2
313,191,production/191_2,1422359345,3
314,192,production/192_7,1535621273,0
315,192,production/192_4,1535621236,1
316,192,production/192_6,1535621204,2
317,192,production/192_5,1535621187,3
318,192,production/192_2,1535621187,4
319,192,production/192_11,1535621136,5
320,192,production/192_3,1535621131,6
321,192,production/192_8,1426523163,7
322,193,production/193_1,1421771594,0
323,193,production/193_4,1421771613,1
324,193,production/193_5,1421771634,2
325,193,production/193_2,1421771669,3
326,193,production/193_3,1421771673,4
327,195,production/195_1,1421774024,0
328,196,production/196_1,1422224529,0
329,197,production/197_4,1419001685,0
330,197,production/197_3,1419001683,1
331,197,production/197_2,1419001683,2
332,197,production/197_1,1419001682,3
333,197,production/197_5,1419001678,4
334,198,production/198_4,1418679942,0
335,198,production/198_2,1418679939,1
336,198,production/198_6,1418679885,2
337,198,production/198_5,1418679854,3
338,198,production/198_3,1418679841,4
339,198,production/198_1,1418679819,5
340,199,production/199_1,1422265586,0
341,2,production/2_2,1417787843,0
342,2,production/2_1,1417787854,1
343,2,production/2_3,1417787860,2
344,200,production/200_1,1418484009,0
345,201,production/201_1,1418679898,0
346,201,production/201_3,1418679905,1
347,201,production/201_2,1418679969,2
348,202,production/202_4,1559227022,0
349,202,production/202_3,1559227021,1
350,202,production/202_2,1559227022,2
351,202,production/202_1,1559227021,3
352,202,production/202_5,1559227020,4
353,204,production/204_1,1422359493,0
354,206,production/206_2,1418487661,0
355,206,production/206_4,1418487737,1
356,206,production/206_3,1418487638,2
357,206,production/206_5,1418487709,3
358,206,production/206_1,1418487696,4
359,207,production/207_1,1418679950,0
360,208,production/208_6,1573129388,0
361,208,production/208_2,1573046180,1
362,208,production/208_1,1573046165,2
363,208,production/208_3,1573046163,3
364,208,production/208_4,1573046162,4
365,208,production/208_5,1573046162,5
366,21,production/21_4,1418386126,0
367,21,production/21_2,1418386131,1
368,21,production/21_1,1418386175,2
369,21,production/21_3,1418386195,3
370,21,production/21_5,1418386359,4
371,210,production/210_1,1450197386,0
372,211,production/211_1,1418680006,0
373,212,production/212_1,1418679957,0
374,212,production/212_3,1418680053,1
375,212,production/212_2,1418680058,2
376,213,production/213_3,1418388729,0
377,213,production/213_1,1418388701,1
378,213,production/213_2,1418388697,2
379,214,production/214_1,1418680004,0
380,214,production/214_2,1418680018,1
381,214,production/214_3,1418680077,2
382,215,production/215_3,1418487870,0
383,215,production/215_4,1418487796,1
384,215,production/215_5,1418487786,2
385,215,production/215_2,1418487807,3
386,215,production/215_1,1418487751,4
387,216,production/216_3,1418388494,0
388,216,production/216_5,1418388511,1
389,216,production/216_4,1418388513,2
390,216,production/216_1,1418388699,3
391,216,production/216_2,1418388725,4
392,218,production/218_2,1418680173,0
393,218,production/218_1,1418680184,1
394,218,production/218_5,1418680209,2
395,218,production/218_3,1418680215,3
396,218,production/218_4,1418680218,4
397,217,production/217_5,1657790522,0
398,217,production/217_4,1418680139,1
399,217,production/217_1,1418680126,2
400,217,production/217_2,1418680123,3
401,217,production/217_3,1418680097,4
402,22,production/22_1,1432635323,0
403,22,production/22_3,1418674656,1
404,22,production/22_5,1418674565,2
405,22,production/22_4,1418674546,3
406,22,production/22_2,1418674544,4
407,219,production/219_1,1422282260,0
408,221,production/221_2,1418680244,0
409,221,production/221_3,1418680272,1
410,221,production/221_1,1418680296,2
411,222,production/222_1,1418491237,0
412,223,production/223_1,1418491232,0
413,224,production/224_3,1421764678,0
414,224,production/224_5,1421764689,1
415,224,production/224_1,1421764690,2
416,224,production/224_2,1421764700,3
417,225,production/225_1,1418388543,0
418,226,production/226_2,1418680292,0
419,226,production/226_4,1418680296,1
420,226,production/226_1,1418680318,2
421,226,production/226_3,1418680326,3
422,226,production/226_5,1418680371,4
423,228,production/228_,1418680333,0
424,228,production/228_2,1418680380,1
425,228,production/228_3,1418680390,2
426,228,production/228_4,1418680397,3
427,228,production/228_1,1418680401,4
428,228,production/228_5,1418680424,5
429,227,production/227_3,1418484062,0
430,227,production/227_1,1418484092,1
431,227,production/227_2,1418484123,2
432,23,production/23_2,1418482464,0
433,23,production/23_3,1418482445,1
434,23,production/23_1,1418482384,2
435,229,production/229_1,1614687661,0
436,229,production/229_3,1418484089,1
437,229,production/229_5,1418484110,2
438,229,production/229_2,1418484103,3
439,230,production/230_1,1421757154,0
440,231,production/231_2,1418388535,0
441,231,production/231_3,1418388540,1
442,231,production/231_4,1418388544,2
443,231,production/231_5,1418388547,3
444,231,production/231_1,1418388569,4
445,232,production/232_3,1418484238,0
446,232,production/232_1,1418484128,1
447,232,production/232_4,1418484305,2
448,232,production/232_2,1418484296,3
449,233,production/233_3,1421771921,0
450,233,production/233_5,1421771888,1
451,233,production/233_4,1421771881,2
452,233,production/233_2,1421771879,3
453,233,production/233_1,1421771876,4
454,235,production/235_1,1418491360,0
455,236,production/236_4,1417708386,0
456,236,production/236_1,1417708373,1
457,236,production/236_3,1417708292,2
458,236,production/236_2,1417708225,3
459,236,production/236_5,1417708222,4
460,2362,production/2362_1,1433174363,0
461,2362,production/2362_6,1418679003,1
462,2362,production/2362_8,1418678980,2
463,2362,production/2362_7,1418678958,3
464,2362,production/2362_9,1418678936,4
465,2362,production/2362_3,1418678895,5
466,2362,production/2362_5,1418678883,6
467,2362,production/2362_2,1418678846,7
468,2362,production/2362_4,1418678830,8
469,2361,2361_2,1659538110,0
470,2361,production/2361_1,1422265970,1
471,2361,production/2361_3,1422265968,2
472,2364,production/2364_2,1523875553,0
473,2364,production/2364_1,1523875550,1
474,2364,production/2364_3,1523875543,2
475,2364,production/2364_4,1422370176,3
476,2365,production/2365_1,1418136152,0
477,2367,production/2367_1,1436172994,0
478,2367,production/2367_2,1418390717,1
479,237,production/237_1,1418484230,0
480,237,production/237_3,1418484220,1
481,237,production/237_5,1418484225,2
482,238,production/238_1,1422446608,0
483,239,production/239_1,1418680503,0
484,239,production/239_3,1418680526,1
485,241,production/241_3,1418491333,0
486,241,production/241_2,1418491341,1
487,241,production/241_1,1418491345,2
488,241,production/241_4,1418491354,3
489,24,production/24_5,1418482497,0
490,24,production/24_4,1418482498,1
491,24,production/24_1,1418482434,2
492,242,production/242_1,1418491358,0
493,242,production/242_2,1418491413,1
494,242,production/242_3,1418491426,2
495,242,production/242_4,1418491443,3
496,242,production/242_5,1418491479,4
497,243,production/243_4,1418484297,0
498,243,production/243_1,1418484346,1
499,243,production/243_3,1418484358,2
500,243,production/243_2,1418484359,3
501,243,production/243_5,1418484417,4
502,245,production/245_1,1546435950,0
503,245,production/245_2,1504798844,1
504,244,production/244_1,1450197065,0
505,247,production/247_1,1436967980,0
506,246,production/246_1,1418680475,0
507,249,production/249_10,1505401216,0
508,249,production/249_9,1505401215,1
509,249,production/249_8,1505401210,2
510,249,production/249_7,1505401219,3
511,249,production/249_6,1505401216,4
512,249,production/249_5,1505401214,5
513,249,production/249_4,1505401212,6
514,249,production/249_3,1497432476,7
515,249,production/249_2,1497432421,8
516,249,production/249_1,1429693384,9
517,25,production/25_1,1418674595,0
518,250,production/250_2,1418491437,0
519,250,production/250_1,1418491465,1
520,250,production/250_3,1418491495,2
521,2503,production/2503_2,1418485582,0
522,2503,production/2503_1,1418485612,1
523,2503,production/2503_3,1418485646,2
524,2504,production/2504_1,1418488470,0
525,2504,production/2504_3,1418488505,1
526,2504,production/2504_2,1418488482,2
527,2504,production/2504_4,1418488537,3
528,2504,production/2504_5,1418488539,4
529,2505,production/2505_2,1418488559,0
530,2505,production/2505_3,1418488573,1
531,2505,production/2505_1,1418488578,2
532,2506,production/2506_4,1418390651,0
533,2506,production/2506_1,1418390670,1
534,2506,production/2506_5,1418390754,2
535,2506,production/2506_3,1418391901,3
536,2506,production/2506_2,1418391909,4
537,2507,production/2507_1,1422226482,0
538,251,production/251_3,1418484499,0
539,251,production/251_4,1418484467,1
540,251,production/251_1,1418484374,2
541,251,production/251_2,1418484456,3
542,252,production/252_3,1418680506,0
543,252,production/252_1,1418680506,1
544,252,production/252_2,1418680510,2
545,252,production/252_4,1418680557,3
546,252,production/252_5,1418680574,4
547,253,production/253_1,1436967980,0
548,253,production/253_2,1436967980,1
549,254,production/254_2,1655289485,0
550,254,production/254_1,1655289484,1
551,254,production/254_4,1421768504,2
552,254,production/254_6,1421768437,3
553,254,production/254_5,1416579974,4
554,2546,production/2546_2,1417708114,0
555,2546,production/2546_1,1418124501,1
556,255,production/255_3,1418389816,0
557,255,production/255_1,1418389836,1
558,255,production/255_2,1418389919,2
559,255,production/255_4,1418389932,3
560,255,production/255_5,1418390276,4
561,256,production/256_1,1417708014,0
562,256,production/256_2,1417708119,1
563,256,production/256_3,1417708284,2
564,257,production/257_2,1416579987,0
565,257,production/257_3,1416579997,1
566,257,production/257_1,1416580014,2
567,2575,production/2575_1,1418485609,0
568,258,production/258_3,1416579976,0
569,258,production/258_1,1416579987,1
570,258,production/258_5,1416579990,2
571,258,production/258_2,1416580031,3
572,258,production/258_4,1416580061,4
573,2580,production/2580_7,1562087342,0
574,2580,production/2580_9,1562087345,1
575,2580,production/2580_3,1562087344,2
576,2580,production/2580_2,1562087342,3
577,2580,production/2580_8,1562087340,4
578,2580,production/2580_5,1562087338,5
579,2580,production/2580_6,1562087336,6
580,2580,production/2580_10,1562087337,7
581,2580,production/2580_4,1562087334,8
582,2580,production/2580_1,1419001688,9
583,2588,production/2588_1,1421757602,0
584,259,production/259_5,1417788490,0
585,259,production/259_3,1417788452,1
586,259,production/259_1,1417788396,2
587,259,production/259_4,1417788395,3
588,2593,production/2593_1,1421859972,0
589,26,production/26_2,1549898327,0
590,26,production/26_3,1549898327,1
591,26,production/26_1,1549898325,2
592,260,production/260_1,1432635923,0
593,260,production/260_4,1418484486,1
594,260,production/260_2,1418484440,2
595,261,production/261_1,1418680600,0
596,262,production/262_1,1450197012,0
597,262,production/262_2,1450197013,1
598,262,production/262_3,1450197014,2
599,263,production/263_3,1616494774,0
600,263,production/263_5,1616494764,1
601,263,production/263_6,1616494760,2
602,263,production/263_4,1616494760,3
603,263,production/263_1,1594634515,4
604,263,production/263_2,1583410054,5
605,264,production/264_3,1417788545,0
606,264,production/264_1,1417788530,1
607,264,production/264_4,1417788483,2
608,264,production/264_5,1417788440,3
609,264,production/264_2,1417788422,4
610,265,production/265_4,1418484531,0
611,265,production/265_5,1418484546,1
612,265,production/265_1,1418484553,2
613,266,production/266_5,1417788797,0
614,266,production/266_4,1417788668,1
615,266,production/266_1,1417788640,2
616,266,production/266_2,1417788622,3
617,267,production/267_1,1422377855,0
618,268,production/268_1,1450196505,0
619,27,production/27_4,1418386456,0
620,27,production/27_1,1418386415,1
621,27,production/27_5,1418386389,2
622,27,production/27_2,1418386376,3
623,27,production/27_3,1418386318,4
624,270,production/270_4,1419001677,0
625,270,production/270_1,1419001680,1
626,270,production/270_3,1419001680,2
627,270,production/270_5,1419001682,3
628,270,production/270_2,1419001684,4
629,272,production/272_2,1418487809,0
630,272,production/272_1,1418487849,1
631,272,production/272_4,1418487859,2
632,272,production/272_5,1418487931,3
633,272,production/272_3,1418487927,4
634,274,production/274_1,1421769214,0
635,273,production/273_1,1418484611,0
636,273,production/273_2,1418484593,1
637,273,production/273_3,1418484560,2
638,275,production/275_1,1528218614,0
639,276,production/276_1,1479464853,0
640,2778,production/2778_1,1422264466,0
641,278,production/278_4,1418491516,0
642,278,production/278_2,1418491517,1
643,278,production/278_3,1418491529,2
644,278,production/278_5,1418491541,3
645,278,production/278_1,1422438306,4
646,279,production/279_2,1418484642,0
647,279,production/279_3,1418484638,1
648,279,production/279_1,1418484629,2
649,28,production/28_1,1418412309,0
650,281,production/281_1,1417707918,0
651,281,production/281_3,1417708039,1
652,281,production/281_5,1417708151,2
653,281,production/281_2,1417708217,3
654,281,production/281_4,1417708356,4
655,283,production/283_5,1418487949,0
656,283,production/283_3,1418487926,1
657,283,production/283_2,1418487936,2
658,283,production/283_1,1418487914,3
659,283,production/283_4,1418487932,4
660,282,production/282_1,1418491764,0
661,287,production/287_1,1436967979,0
662,287,production/287_2,1436967980,1
663,288,production/288_2,1418680553,0
664,288,production/288_1,1418680562,1
665,288,production/288_3,1418680596,2
666,288,production/288_4,1418680596,3
667,288,production/288_5,1418680616,4
668,284,production/284_1,1421771708,0
669,284,production/284_2,1421771706,1
670,284,production/284_3,1421771704,2
671,289,production/289_4,1418680667,0
672,289,production/289_3,1418680677,1
673,289,production/289_5,1418680678,2
674,289,production/289_8,1418680678,3
675,289,production/289_2,1421950146,4
676,289,production/289_1,1421950159,5
677,29,production/29_6,1659633914,0
678,29,29_3,1659537180,1
679,29,production/29_5,1418490674,2
680,29,production/29_2,1418490635,3
681,290,production/290_4,1567504184,0
682,290,production/290_5,1552045353,1
683,290,production/290_1,1552045316,2
684,290,production/290_3,1552045215,3
685,290,production/290_2,1552045211,4
686,291,production/291_1,1421772874,0
687,291,production/291_3,1421772870,1
688,291,production/291_2,1421772868,2
689,291,production/291_4,1421772866,3
690,294,production/294_2,1416580023,0
691,294,production/294_1,1416580078,1
692,294,production/294_3,1416580099,2
693,293,production/293_1,1418484736,0
694,295,production/295_1,1418484805,0
695,295,production/295_4,1418484831,1
696,295,production/295_3,1418484837,2
697,295,production/295_2,1418484807,3
698,296,production/296_3,1416580104,0
699,296,production/296_1,1416580076,1
700,296,production/296_2,1416580071,2
701,297,production/297_3,1479463356,0
702,297,production/297_2,1479463348,1
703,297,production/297_1,1479463339,2
704,297,production/297_4,1418389985,3
705,298,production/298_1,1422264627,0
706,3,production/3_2,1417787774,0
707,3,production/3_4,1417787814,1
708,3,production/3_1,1417787831,2
709,3,production/3_3,1417787876,3
710,3,production/3_5,1417787892,4
711,299,production/299_8,1523882839,0
712,299,production/299_7,1523882837,1
713,299,production/299_6,1523882835,2
714,299,production/299_5,1523882834,3
715,299,production/299_9,1523882834,4
716,299,production/299_10,1523882832,5
717,299,production/299_1,1523882831,6
718,299,production/299_3,1418484847,7
719,299,production/299_2,1418484841,8
720,299,production/299_4,1418484817,9
721,30,production/30_2,1418386298,0
722,30,production/30_3,1418386424,1
723,30,production/30_1,1418386443,2
724,300,production/300_4,1418488038,0
725,300,production/300_3,1418488103,1
726,300,production/300_5,1418488074,2
727,300,production/300_2,1418488106,3
728,300,production/300_1,1418488082,4
729,301,production/301_1,1417788753,0
730,302,production/302_1,1418485020,0
731,302,production/302_3,1418484991,1
732,302,production/302_2,1418484973,2
733,303,production/303_4,1418680747,0
734,303,production/303_5,1418680767,1
735,303,production/303_2,1418680772,2
736,303,production/303_1,1418680778,3
737,303,production/303_3,1418680799,4
738,304,production/304_4,1418491787,0
739,304,production/304_2,1418491732,1
740,304,production/304_5,1418491704,2
741,304,production/304_3,1418491568,3
742,304,production/304_1,1418491560,4
743,305,production/305_8,1505404269,0
744,305,production/305_7,1505404298,1
745,305,production/305_6,1505404272,2
746,305,production/305_5,1505404280,3
747,305,production/305_4,1505404267,4
748,305,production/305_3,1505404278,5
749,305,production/305_1,1505404287,6
750,305,production/305_2,1418484937,7
751,306,production/306_1,1418488070,0
752,306,production/306_3,1418488139,1
753,306,production/306_2,1418488128,2
754,306,production/306_4,1418488225,3
755,306,production/306_5,1418488220,4
756,307,production/307_3,1417708362,0
757,307,production/307_5,1417708312,1
758,307,production/307_4,1417708206,2
759,307,production/307_1,1417708037,3
760,307,production/307_2,1417707962,4
761,31,production/31_2,1418386460,0
762,31,production/31_3,1418386424,1
763,31,production/31_4,1418386403,2
764,31,production/31_5,1418386333,3
765,31,production/31_1,1418386297,4
766,310,production/310_3,1418390394,0
767,310,production/310_2,1418390389,1
768,310,production/310_1,1418389824,2
769,311,production/311_1,1421832887,0
770,312,production/312_1,1418390437,0
771,314,production/314_1,1422369710,0
772,315,production/315_1,1418484987,0
773,316,production/316_1,1418680736,0
774,317,production/317_3,1418680824,0
775,317,production/317_2,1418680840,1
776,317,production/317_7,1418680874,2
777,317,production/317_5,1418680875,3
778,317,production/317_1,1418680875,4
779,317,production/317_8,1418680917,5
780,317,production/317_4,1418680926,6
781,318,production/318_2,1418485078,0
782,318,production/318_3,1418485077,1
783,318,production/318_1,1418485044,2
784,318,production/318_4,1418485100,3
785,319,production/319_1,1418390400,0
786,319,production/319_2,1418390424,1
787,32,production/32_2,1418386792,0
788,32,production/32_1,1418386739,1
789,32,production/32_4,1418386729,2
790,32,production/32_3,1418386726,3
791,32,production/32_5,1418386719,4
792,320,production/320_5,1418680970,0
793,320,production/320_4,1418680957,1
794,320,production/320_6,1418680956,2
795,320,production/320_2,1418680934,3
796,320,production/320_3,1418680932,4
797,320,production/320_1,1418680895,5
798,321,production/321_3,1418390475,0
799,321,production/321_4,1418390465,1
800,321,production/321_1,1418390444,2
801,321,production/321_5,1418390443,3
802,321,production/321_2,1418390434,4
803,323,production/323_3,1561462079,0
804,323,production/323_2,1561462079,1
805,323,production/323_1,1561462077,2
806,324,production/324_2,1418485096,0
807,324,production/324_1,1418485144,1
808,325,production/325_1,1418390473,0
809,325,production/325_2,1418390481,1
810,325,production/325_3,1418390488,2
811,326,production/326_5,1418390546,0
812,326,production/326_2,1418390517,1
813,326,production/326_3,1418390513,2
814,326,production/326_4,1418390511,3
815,326,production/326_1,1418390510,4
816,327,production/327_2,1418488235,0
817,327,production/327_4,1418488245,1
818,327,production/327_1,1418488228,2
819,327,production/327_3,1418488238,3
820,327,production/327_5,1418488327,4
821,328,production/328_1,1416580094,0
822,328,production/328_2,1416580115,1
823,328,production/328_3,1416580120,2
824,33,production/33_3,1415368755,0
825,33,production/33_1,1416577762,1
826,33,production/33_2,1415368762,2
827,330,production/330_3,1418680998,0
828,330,production/330_1,1418681016,1
829,330,production/330_2,1418681043,2
830,331,production/331_2,1418681019,0
831,331,production/331_1,1418681065,1
832,331,production/331_3,1418681075,2
833,331,production/331_5,1418681081,3
834,331,production/331_4,1418681105,4
835,332,production/332_1,1436172864,0
836,334,production/334_1,1450196527,0
837,333,production/333_1,1418488392,0
838,333,production/333_4,1418488316,1
839,333,production/333_5,1418488295,2
840,333,production/333_3,1418488317,3
841,333,production/333_2,1418488297,4
842,335,production/335_5,1659634238,0
843,335,production/335_4,1418491905,1
844,335,production/335_3,1418491829,2
845,335,production/335_2,1418491787,3
846,335,production/335_1,1418491770,4
847,336,production/336_4,1418681214,0
848,336,production/336_3,1418681185,1
849,336,production/336_5,1418681130,2
850,336,production/336_1,1418681126,3
851,336,production/336_2,1418681123,4
852,337,production/337_2,1418681231,0
853,337,production/337_1,1418681251,1
854,337,production/337_3,1418681255,2
855,337,production/337_4,1418681296,3
856,337,production/337_5,1418681318,4
857,338,production/338_4,1418681410,0
858,338,production/338_3,1418681315,1
859,338,production/338_1,1418681313,2
860,338,production/338_2,1418681279,3
861,339,production/339_1,1417788764,0
862,339,production/339_2,1417788910,1
863,339,production/339_3,1417788919,2
864,341,production/341_1,1422224928,0
865,344,production/344_1,1418397383,0
866,343,production/343_3,1418488435,0
867,343,production/343_5,1418488428,1
868,343,production/343_4,1418488413,2
869,343,production/343_2,1418488373,3
870,343,production/343_1,1418488327,4
871,345,production/345_1,1418485131,0
872,345,production/345_4,1418485169,1
873,345,production/345_2,1418485192,2
874,345,production/345_3,1418485144,3
875,346,production/346_1,1418390521,0
876,346,production/346_5,1418390543,1
877,346,production/346_2,1418390550,2
878,346,production/346_4,1418390562,3
879,349,production/349_1,1421773902,0
880,348,production/348_2,1418485227,0
881,348,production/348_5,1418485232,1
882,348,production/348_1,1418485186,2
883,35,production/35_5,1416577675,0
884,35,production/35_2,1416577708,1
885,35,production/35_1,1416577730,2
886,35,production/35_3,1416577731,3
887,35,production/35_4,1416577803,4
888,350,production/350_4,1421771800,0
889,350,production/350_2,1421771801,1
890,350,production/350_1,1421771807,2
891,350,production/350_3,1421771814,3
892,351,production/351_2,1436172865,0
893,351,production/351_1,1436172799,1
894,351,production/351_3,1436172848,2
895,352,production/352_3,1418491938,0
896,352,production/352_4,1418491927,1
897,352,production/352_1,1418491901,2
898,352,production/352_5,1418491886,3
899,352,production/352_2,1418491837,4
900,353,production/353_1,1418488533,0
901,353,production/353_3,1418488467,1
902,353,production/353_2,1418488456,2
903,354,production/354_2,1418491959,0
904,354,production/354_1,1418492040,1
905,354,production/354_3,1418492052,2
906,355,production/355_1,1418681480,0
907,356,production/356_1,1427103140,0
908,357,production/357_1,1418124392,0
909,358,production/358_1,1418485279,0
910,36,production/36_1,1418674600,0
911,360,production/360_3,1418485348,0
912,360,production/360_2,1418485283,1
913,360,production/360_1,1418485197,2
914,363,production/363_1,1418681420,0
915,363,production/363_3,1418681432,1
916,363,production/363_2,1418681465,2
917,364,production/364_1,1432633641,0
918,364,production/364_2,1418681454,1
919,365,production/365_1,1450197419,0
920,366,production/366_1,1418681543,0
921,367,production/367_4,1505405125,0
922,367,production/367_5,1505405117,1
923,367,production/367_3,1505405115,2
924,367,production/367_6,1505405113,3
925,367,production/367_2,1505405111,4
926,367,production/367_1,1421858401,5
927,369,production/369_1,1418390573,0
928,37,production/37_1,1417787782,0
929,37,production/37_5,1417787803,1
930,37,production/37_4,1417787810,2
931,37,production/37_3,1417787812,3
932,37,production/37_2,1417787825,4
933,370,production/370_2,1416580136,0
934,370,production/370_3,1416580128,1
935,370,production/370_1,1416580121,2
936,371,production/371_1,1418390395,0
937,371,production/371_4,1418390699,1
938,371,production/371_3,1418390700,2
939,371,production/371_5,1418390746,3
940,372,production/372_1,1418390672,0
941,373,production/373_1,1422225204,0
942,374,production/374_1,1418485294,0
943,374,production/374_2,1418485318,1
944,374,production/374_3,1418485355,2
945,375,production/375_3,1416580150,0
946,375,production/375_1,1416580170,1
947,375,production/375_5,1416580170,2
948,375,production/375_2,1416580179,3
949,375,production/375_4,1416580204,4
950,377,production/377_3,1418485336,0
951,377,production/377_1,1418485397,1
952,377,production/377_2,1418485399,2
953,378,production/378_3,1418485485,0
954,378,production/378_2,1418485484,1
955,378,production/378_1,1418485474,2
956,378,production/378_4,1418485452,3
957,378,production/378_5,1418485483,4
958,38,production/38_3,1422351582,0
959,38,production/38_1,1422351586,1
960,38,production/38_2,1422351603,2
961,381,production/381_4,1418390643,0
962,381,production/381_1,1418390663,1
963,381,production/381_5,1418390730,2
964,381,production/381_2,1418390772,3
965,382,production/382_5,1418488482,0
966,382,production/382_1,1421756028,1
967,382,production/382_2,1421756038,2
968,383,production/383_3,1418681551,0
969,383,production/383_1,1418681602,1
970,383,production/383_2,1418681627,2
971,384,production/384_1,1418492047,0
972,39,production/39_1,1418122054,0
973,4032,production/4032_3,1418491998,0
974,4032,production/4032_4,1418492032,1
975,4032,production/4032_1,1418492039,2
976,4032,production/4032_5,1418492052,3
977,4032,production/4032_2,1418492057,4
978,40,production/40_1,1427102333,0
979,40,production/40_2,1427102322,1
980,41,production/41_1,1418482744,0
981,407,production/407_2,1417707896,0
982,407,production/407_4,1417708325,1
983,407,production/407_3,1417708354,2
984,407,production/407_5,1417708408,3
985,407,production/407_1,1417708428,4
986,43,production/43_3,1418674624,0
987,43,production/43_1,1418674648,1
988,43,production/43_2,1418674654,2
989,42,production/42_3,1418482720,0
990,42,production/42_5,1418482679,1
991,42,production/42_4,1418482796,2
992,42,production/42_2,1418482879,3
993,42,production/42_1,1418482683,4
994,44,production/44_1,1421857825,0
995,45,production/45_1,1421833311,0
996,4504,production/4504_1,1418485576,0
997,4504,production/4504_2,1418485549,1
998,4504,production/4504_3,1418485603,2
999,4508,production/4508_1,1434724218,0
1000,4509,production/4509_1,1421756567,0
1001,4510,production/4510_3,1444723366,0
1002,4510,production/4510_2,1444723366,1
1003,4510,production/4510_1,1444723362,2
1004,4512,production/4512_1,1433176098,0
1005,4515,production/4515_1,1418679079,0
1006,4521,production/4521_2,1418485629,0
1007,4521,production/4521_3,1418485720,1
1008,4521,production/4521_4,1418485661,2
1009,4521,production/4521_5,1418485676,3
1010,4521,production/4521_1,1418485697,4
1011,4517,production/4517_1,1450196579,0
1012,4517,production/4517_2,1450196581,1
1013,4517,production/4517_3,1450196585,2
1014,4528,production/4528_1,1422352200,0
1015,4524,production/4524_5,1417788822,0
1016,4524,production/4524_4,1417788833,1
1017,4524,production/4524_2,1417788897,2
1018,4524,production/4524_1,1417788961,3
1019,4524,production/4524_3,1417788964,4
1020,4550,production/4550_1,1418679021,0
1021,4554,production/4554_2,1549895440,0
1022,4554,production/4554_1,1418488598,1
1023,46,production/46_1,1426533998,0
1024,47,production/47_1,1437984956,0
1025,473,production/473_1,1422226419,0
1026,48,production/48_1,1418674655,0
1027,48,production/48_3,1418674685,1
1028,48,production/48_2,1418674687,2
1029,5,production/5_2,1418487219,0
1030,5,production/5_4,1418487363,1
1031,5,production/5_1,1418487302,2
1032,5,production/5_5,1418487207,3
1033,5,production/5_3,1418487268,4
1034,49,production/49_1,1418674685,0
1035,5015,production/5015_1,1422370232,0
1036,5029,production/5029_1,1418124467,0
1037,5037,production/5037_1,1417708454,0
1038,5036,production/5036_1,1417708033,0
1039,5048,production/5048_1,1418124503,0
1040,5045,production/5045_1,1417707899,0
1041,5051,production/5051_1,1417788629,0
1042,5053,production/5053_3,1421861420,0
1043,5053,production/5053_1,1421861422,1
1044,5053,production/5053_2,1421861433,2
1045,5059,production/5059_1,1429694842,0
1046,5055,production/5055_1,1418678978,0
1047,5060,production/5060_1,1418679046,0
1048,5062,production/5062_1,1421191019,0
1049,5063,production/5063_1,1422376778,0
1050,5067,production/5067_1,1438590139,0
1051,5067,production/5067_4,1417788987,1
1052,5067,production/5067_3,1417788974,2
1053,5067,production/5067_2,1417788595,3
1054,5070,production/5070_1,1419001679,0
1055,5072,production/5072_1,1421189986,0
1056,5073,production/5073_1,1422390785,0
1057,5078,production/5078_3,1418485724,0
1058,5078,production/5078_2,1418485736,1
1059,5078,production/5078_1,1418485789,2
1060,5082,production/5082_1,1546435677,0
1061,5090,production/5090_1,1418679071,0
1062,5091,production/5091_1,1418679070,0
1063,5095,production/5095_1,1450196878,0
1064,5098,production/5098_1,1427102798,0
1065,5098,production/5098_2,1422897707,1
1066,51,production/51_1,1422282208,0
1067,51,production/51_2,1422282204,1
1068,5100,production/5100_1,1422393000,0
1069,5103,production/5103_1,1422370524,0
1070,5105,production/5105_3,1417788935,0
1071,5105,production/5105_1,1417788989,1
1072,5105,production/5105_2,1417789002,2
1073,5105,production/5105_12,1422360006,3
1074,5106,production/5106_1,1422438796,0
1075,5107,production/5107_1,1418679040,0
1076,5107,production/5107_3,1418679078,1
1077,5107,production/5107_2,1418679096,2
1078,5109,production/5109_1,1418679144,0
1079,5116,production/5116_2,1455275842,0
1080,5116,production/5116_1,1455275810,1
1081,5131,production/5131_1,1422226720,0
1082,5125,production/5125_1,1421859329,0
1083,5132,production/5132_1,1418485747,0
1084,5133,production/5133_1,1417788960,0
1085,5141,production/5141_1,1418485846,0
1086,5147,production/5147_1,1418993560,0
1087,5148,production/5148_1,1418485845,0
1088,5159,production/5159_1,1427382783,0
1089,5160,production/5160_1,1427384203,0
1090,5162,production/5162_1,1418488686,0
1091,5177,production/5177_1,1418679200,0
1092,52,production/52_1,1548153381,0
1093,52,production/52_2,1548091944,1
1094,52,production/52_3,1548091939,2
1095,52,production/52_4,1548091939,3
1096,5202,production/5202_1,1454079996,0
1097,5203,production/5203_1,1439559089,0
1098,5201,production/5201_1,1454079962,0
1099,5204,production/5204_1,1418485781,0
1100,5204,production/5204_3,1418485816,1
1101,5204,production/5204_2,1418485856,2
1102,5215,production/5215_2,1418488625,0
1103,5215,production/5215_1,1418488638,1
1104,5215,production/5215_3,1418488647,2
1105,5215,production/5215_4,1418488669,3
1106,5215,production/5215_5,1418488680,4
1107,5216,production/5216_1,1418488702,0
1108,5220,production/5220,1433945066,0
1109,5231,production/5231_1,1427383311,0
1110,5233,production/5233_1,1418390662,0
1111,5253,production/5253_2,1421770600,0
1112,5253,production/5253_1,1421770696,1
1113,5234,production/5234_1,1418390784,0
1114,5284,production/5284_10,1649160415,0
1115,5284,production/5284_9,1649160415,1
1116,5284,production/5284_8,1649160415,2
1117,5284,production/5284_7,1649160413,3
1118,5284,production/5284_6,1649160411,4
1119,5284,5284_1,1648721267,5
1120,5284,5284_3,1648721266,6
1121,5284,5284_5,1648721265,7
1122,5284,5284_4,1648721265,8
1123,5284,5284_2,1648721254,9
1124,5287,production/5287_1,1422226851,0
1125,5283,production/5283_1,1450197355,0
1126,5290,production/5290_1,1427099027,0
1127,5292,production/5292_1,1418679121,0
1128,5289,production/5289_1,1422371051,0
1129,5322,production/5322_4,1523967152,0
1130,5322,production/5322_3,1523967149,1
1131,5322,production/5322_1,1523967147,2
1132,5322,production/5322_5,1427115815,3
1133,5326,production/5326_1,1422226974,0
1134,5306,production/5306_1,1422226847,0
1135,5327,production/5327_1,1426531620,0
1136,5330,production/5330_1,1422226819,0
1137,5361,production/5361_1,1421859276,0
1138,5371,production/5371_1,1422227397,0
1139,5351,production/5351_1,1421700625,0
1140,5389,production/5389_3,1418485932,0
1141,5389,production/5389_2,1418485907,1
1142,5389,production/5389_1,1418485893,2
1143,54,production/54_3,1418676794,0
1144,54,production/54_1,1418676786,1
1145,54,production/54_2,1418676775,2
1146,54,production/54_4,1418676772,3
1147,54,production/54_5,1418676749,4
1148,5404,production/5404_1,1421187614,0
1149,5402,production/5402_1,1427382271,0
1150,5410,production/5410_,1417789743,0
1151,5410,production/5410_1,1421763094,1
1152,5409,production/5409_1,1427385078,0
1153,5414,production/5414_1,1426532683,0
1154,5423,production/5423_1,1422228667,0
1155,5423,production/5423_2,1422227510,1
1156,5423,production/5423_3,1422228770,2
1157,5425,production/5425_1,1427099978,0
1158,543,production/543_1,1417708455,0
1159,5432,production/5432_1,1450197297,0
1160,5444,production/5444_1,1418679271,0
1161,5445,production/5445_2,1418485932,0
1162,5445,production/5445_1,1418485956,1
1163,5445,production/5445_3,1418485966,2
1164,55,production/55_1,1418386755,0
1165,55,production/55_3,1418386767,1
1166,55,production/55_4,1418386774,2
1167,55,production/55_5,1418386801,3
1168,55,production/55_2,1418386807,4
1169,559,production/559_1,1417708164,0
1170,56,production/56_1,1427102482,0
1171,57,production/57_5,1441366908,0
1172,57,production/57_6,1441366902,1
1173,57,production/57_4,1441366892,2
1174,57,production/57_3,1441366886,3
1175,57,production/57_2,1441366881,4
1176,57,production/57_1,1441366857,5
1177,6,production/6_1,1418481097,0
1178,6,production/6_2,1418481195,1
1179,6,production/6_3,1418481205,2
1180,59,production/59_1,1421186966,0
1181,60,production/60_1,1441370445,0
1182,6004,production/6004_2,1450265676,0
1183,6004,production/6004_3,1450265666,1
1184,6004,production/6004_4,1450265667,2
1185,6004,production/6004_1,1450196832,3
1186,6006,production/6006_1,1462542678,0
1187,6011,production/6011_1,1417789728,0
1188,6011,production/6011_2,1417789698,1
1189,6011,production/6011_3,1417789669,2
1190,6010,production/6010_1,1437044749,0
1191,6012,production/6012_1,1421763576,0
1192,6014,production/6014_1,1421763561,0
1193,6017,production/6017_1,1417789673,0
1194,6018,production/6018_1,1454077849,0
1195,6015,production/6015_1,1417789813,0
1196,6015,production/6015_3,1417789665,1
1197,6049,production/6049_2,1549897460,0
1198,6049,production/6049_1,1549897460,1
1199,6049,production/6049_3,1549897459,2
1200,6054,production/6054_1,1422228970,0
1201,6056,production/6056_1,1418486009,0
1202,6055,production/6055_1,1418486007,0
1203,6057,production/6057_1,1418485996,0
1204,6058,production/6058_1,1418485989,0
1205,6059,production/6059_1,1450197271,0
1206,6060,production/6060_1,1427102628,0
1207,6061,production/6061_1,1422446684,0
1208,6062,production/6062_2,1418486027,0
1209,6062,production/6062_1,1418485998,1
1210,6062,production/6062_3,1418486032,2
1211,6063,production/6063_1,1450197243,0
1212,6064,production/6064_1,1422228987,0
1213,6064,production/6064_2,1422229496,1
1214,6065,production/6065_1,1418486033,0
1215,6065,production/6065_3,1418486043,1
1216,6067,production/6067_1,1450197213,0
1217,6071,production/6071_1,1436967982,0
1218,6072,production/6072_1,1427102636,0
1219,6074,production/6074_2,1436967981,0
1220,6074,production/6074_1,1436967981,1
1221,6075,production/6075_1,1418486161,0
1222,6080,production/6080_1,1421860996,0
1223,6080,production/6080_2,1421860998,1
1224,6081,production/6081_1,1422229309,0
1225,6083,production/6083_1,1422265107,0
1226,6090,production/6090_1,1422264997,0
1227,6091,production/6091_1,1422264875,0
1228,6094,production/6094_1,1417789777,0
1229,6095,production/6095_1,1417789685,0
1230,6096,production/6096_1,1417789733,0
1231,6096,production/6096_2,1417790027,1
1232,6096,production/6096_3,1417790031,2
1233,6097,production/6097_1,1523968725,0
1234,6097,production/6097_2,1523968725,1
1235,6097,production/6097_3,1523968719,2
1236,6097,production/6097_4,1426534963,3
1237,6098,production/6098_3,1523969142,0
1238,6098,production/6098_1,1422391413,1
1239,6099,production/6099_5,1523874214,0
1240,6099,production/6099_4,1523874214,1
1241,61,production/61_5,1418386911,0
1242,61,production/61_4,1418386850,1
1243,61,production/61_3,1418386845,2
1244,61,production/61_2,1418386839,3
1245,61,production/61_1,1418386815,4
1246,6100,production/6100_1,1418679267,0
1247,6101,production/6101_1,1418679232,0
1248,6102,production/6102_1,1418679250,0
1249,6103,production/6103_1,1418679288,0
1250,6104,production/6104_1,1418390780,0
1251,6105,production/6105_1,1418679293,0
1252,6106,production/6106_1,1422392080,0
1253,6107,production/6107_1,1422392085,0
1254,6108,production/6108_1,1422392190,0
1255,6109,production/6109_1,1422391562,0
1256,611,production/611_1,1417788772,0
1257,611,production/611_2,1417788854,1
1258,6110,production/6110_1,1427112398,0
1259,6110,production/6110_2,1422878826,1
1260,6111,production/6111_1,1418679285,0
1261,6112,production/6112_1,1422392330,0
1262,6113,production/6113_1,1427098935,0
1263,6114,production/6114_1,1418124637,0
1264,6115,production/6115_1,1418124708,0
1265,6117,production/6117_1,1418124726,0
1266,6118,production/6118_1,1427103415,0
1267,6119,production/6119_1,1421772623,0
1268,6120,production/6120_1,1421770506,0
1269,6121,production/6121_1,1421860289,0
1270,6122,production/6122_1,1421859686,0
1271,6123,production/6123_1,1418486196,0
1272,6124,production/6124_1,1422229148,0
1273,6125,production/6125_1,1421833942,0
1274,6126,production/6126_1,1421846610,0
1275,6127,production/6127_1,1421833742,0
1276,6130,production/6130_1,1427100351,0
1277,6131,production/6131_1,1418486133,0
1278,6132,production/6132_,1418486144,0
1279,6132,production/6132_1,1421771155,1
1280,6133,production/6133_4,1523962742,0
1281,6133,production/6133_3,1523962740,1
1282,6133,production/6133_2,1523962739,2
1283,6133,production/6133_1,1427100082,3
1284,6134,production/6134_1,1523963202,0
1285,6134,production/6134_2,1523963200,1
1286,6134,production/6134_3,1418679289,2
1287,6142,production/6142_2,1523883602,0
1288,6142,production/6142_1,1523883600,1
1289,6142,production/6142_3,1441662673,2
1290,6143,production/6143_1,1546433385,0
1291,6140,production/6140_3,1436360335,0
1292,6140,production/6140_1,1422229653,1
1293,6140,production/6140_2,1422229691,2
1294,6144,production/6144_1,1417790033,0
1295,6146,production/6146_1,1487862585,0
1296,6148,production/6148_1,1454079926,0
1297,6150,production/6150_1,1487862582,0
1298,6157,production/6157_1,1546436091,0
1299,6171,production/6171_1,1450196984,0
1300,6158,production/6158_1,1422229447,0
1301,6188,production/6188_1,1441370606,0
1302,6190,production/6190_1,1578932712,0
1303,6192,production/6192_3,1523876382,0
1304,6192,production/6192_2,1523876380,1
1305,6192,production/6192_1,1439583570,2
1306,6193,production/6193_1,1418122654,0
1307,6199,production/6199_1,1450197175,0
1308,6199,production/6199_2,1450197122,1
1309,6196,production/6196_1,1441370574,0
1310,62,production/62_2,1418386865,0
1311,62,production/62_3,1418386869,1
1312,62,production/62_5,1418386875,2
1313,62,production/62_1,1418386889,3
1314,62,production/62_4,1418386904,4
1315,6204,production/6204_1,1421185222,0
1316,6206,production/6206_2,1422391034,0
1317,6206,production/6206_1,1422391035,1
1318,6205,production/6205_1,1450197089,0
1319,6207,production/6207_1,1457106881,0
1320,6208,production/6208_1,1436172913,0
1321,6209,production/6209_4,1437389298,0
1322,6209,production/6209_2,1437389299,1
1323,6209,production/6209_1,1437389299,2
1324,6210,production/6210_1,1456497530,0
1325,6211,production/6211_8,1505403088,0
1326,6211,production/6211_7,1505403096,1
1327,6211,production/6211_6,1505403090,2
1328,6211,production/6211_5,1505403103,3
1329,6211,production/6211_4,1505403089,4
1330,6211,production/6211_3,1505403110,5
1331,6211,production/6211_2,1505403089,6
1332,6211,production/6211_1,1505403079,7
1333,6212,production/6212_1,1546436032,0
1334,6213,production/6213_1,1454078335,0
1335,6215,production/6215_1,1546434627,0
1336,6217,production/6217_1,1546435750,0
1337,6218,production/6218_1,1546435563,0
1338,6219,production/6219_1,1546435863,0
1339,6220,production/6220_1,1490370262,0
1340,6222,production/6222_1,1523968052,0
1341,6222,production/6222_2,1523968043,1
1342,6222,production/6222_3,1523968044,2
1343,6223,production/6223_1,1523968366,0
1344,6223,production/6223_2,1523968363,1
1345,6225,production/6225_1,1546433700,0
1346,6224,production/6224_2,1523876790,0
1347,6224,production/6224_1,1523876790,1
1348,6227,production/6227_1,1546435107,0
1349,6226,production/6226_1,1540395202,0
1350,6228,production/6228_1,1546435040,0
1351,6230,production/6230_1,1546434675,0
1352,6231,production/6231_1,1454080639,0
1353,6229,production/6229_1,1546435212,0
1354,6232,production/6232_1,1546433582,0
1355,6235,production/6235_1,1546434977,0
1356,6236,production/6236_1,1546433535,0
1357,6245,production/6245_1,1523880336,0
1358,6245,production/6245_2,1493279071,1
1359,6248,production/6248_3,1503323486,0
1360,6248,production/6248_2,1503323486,1
1361,6248,production/6248_1,1503323483,2
1362,6249,production/6249_2,1505407432,0
1363,6249,production/6249_3,1505407429,1
1364,6249,production/6249_1,1418679195,2
1365,63,production/63_1,1418386891,0
1366,64,production/64_1,1418482731,0
1367,64,production/64_2,1418482762,1
1368,64,production/64_3,1418482762,2
1369,65,production/65_1,1418676882,0
1370,655,production/655_1,1454077880,0
1371,653,production/653_2,1418681620,0
1372,653,production/653_1,1418681624,1
1373,653,production/653_3,1418681644,2
1374,656,production/656_1,1418390678,0
1375,656,production/656_5,1418390693,1
1376,656,production/656_4,1418390706,2
1377,656,production/656_3,1418391897,3
1378,657,production/657_1,1523879267,0
1379,657,production/657_2,1523879265,1
1380,67,production/67_3,1417707932,0
1381,67,production/67_5,1417708056,1
1382,67,production/67_4,1417708236,2
1383,67,production/67_2,1417708287,3
1384,67,production/67_1,1417708451,4
1385,68,production/68_9,1649159887,0
1386,68,production/68_10,1649159887,1
1387,68,production/68_8,1649159885,2
1388,68,production/68_7,1649159885,3
1389,68,production/68_1,1648638618,4
1390,68,production/68_2,1499683713,5
1391,68,production/68_4,1499683707,6
1392,68,production/68_6,1418677016,7
1393,68,production/68_3,1418676978,8
1394,68,production/68_5,1418676864,9
1395,69,production/69_1,1417787750,0
1396,69,production/69_3,1417787772,1
1397,69,production/69_2,1417787836,2
1398,7,production/7_1,1457107888,0
1399,70,production/70_4,1417707950,0
1400,70,production/70_3,1417708018,1
1401,70,production/70_1,1417708098,2
1402,70,production/70_2,1417708104,3
1403,70,production/70_5,1417708427,4
1404,71,production/71_3,1497882181,0
1405,71,production/71_4,1497882180,1
1406,71,production/71_5,1418386762,2
1407,71,production/71_2,1418386921,3
1408,71,production/71_1,1418386964,4
1409,72,production/72_4,1511885859,0
1410,72,production/72_6,1511885856,1
1411,72,production/72_7,1511885832,2
1412,72,production/72_1,1497882532,3
1413,72,production/72_3,1418482860,4
1414,72,production/72_2,1418482880,5
1415,72,production/72_5,1418482818,6
1416,74,production/74_2,1573045139,0
1417,74,production/74_1,1573045139,1
1418,74,production/74_3,1573045138,2
1419,73,production/73_4,1418482942,0
1420,73,production/73_3,1418482873,1
1421,73,production/73_2,1418482921,2
1422,73,production/73_1,1422224591,3
1423,75,production/75_2,1418490676,0
1424,75,production/75_1,1418490681,1
1425,75,production/75_3,1418490718,2
1426,76,production/76_5,1417788193,0
1427,76,production/76_1,1417787874,1
1428,76,production/76_4,1417787756,2
1429,76,production/76_2,1417787755,3
1430,76,production/76_3,1417787746,4
1431,78,production/78_1,1417788091,0
1432,794,production/794_1,1418681624,0
1433,79,production/79_1,1493723111,0
1434,79,production/79_4,1432291435,1
1435,79,production/79_3,1432291372,2
1436,79,production/79_2,1432291419,3
1437,79,production/79_5,1432291415,4
1438,81,production/81_1,1418483106,0
1439,81,production/81_2,1418483148,1
1440,81,production/81_3,1418483186,2
1441,80,production/80_4,1418483139,0
1442,80,production/80_5,1418483071,1
1443,80,production/80_3,1418483123,2
1444,80,production/80_2,1418483091,3
1445,80,production/80_1,1418483137,4
1446,82,production/82_5,1445334439,0
1447,82,production/82_4,1445334423,1
1448,82,production/82_3,1445334411,2
1449,82,production/82_2,1445334399,3
1450,82,production/82_1,1421859500,4
1451,82,production/82_6,1418483250,5
1452,83,production/83_5,1421757679,0
1453,83,production/83_1,1421757669,1
1454,83,production/83_3,1421757665,2
1455,83,production/83_2,1421757650,3
1456,83,production/83_4,1418387127,4
1457,84,production/84_1,1432636937,0
1458,84,production/84_2,1418677065,1
1459,85,production/85_1,1418677045,0
1460,85,production/85_2,1418677065,1
1461,85,production/85_3,1418677187,2
1462,86,production/86_1,1416577737,0
1463,87,production/87_1,1421760133,0
1464,87,production/87_4,1417788123,1
1465,87,production/87_3,1417788105,2
1466,87,production/87_2,1417788093,3
1467,89,production/89_1,1417788084,0
1468,89,production/89_2,1417788137,1
1469,89,production/89_3,1417788139,2
1470,9,production/9_2,1415363271,0
1471,9,production/9_3,1416577703,1
1472,9,production/9_4,1416577680,2
1473,9,production/9_1,1416577764,3
1474,9,production/9_6,1415363392,4
1475,9,production/9_5,1416577817,5
1476,90,production/90_2,1421758383,0
1477,90,production/90_1,1421758359,1
1478,90,production/90_5,1418387171,2
1479,90,production/90_3,1418387161,3
1480,90,production/90_4,1418387146,4
1481,90002,production/90002_1,1546434771,0
1482,90006,production/90006_1,1527610657,0
1483,90005,production/90005_1,1490118964,0
1484,90008,production/90008_3,1559645430,0
1485,90008,production/90008_2,1559645418,1
1486,90008,production/90008_4,1559645422,2
1487,90008,production/90008_5,1559645422,3
1488,90008,production/90008_1,1559645420,4
1489,91,production/91_1,1418677118,0
1490,91,production/91_2,1418677139,1
1491,91,production/91_3,1418677140,2
1492,92,production/92_5,1418677286,0
1493,92,production/92_3,1418677258,1
1494,92,production/92_4,1418677226,2
1495,92,production/92_2,1418677217,3
1496,92,production/92_1,1418677203,4
1497,93,production/93_1,1418677266,0
1498,93,production/93_3,1418677339,1
1499,93,production/93_2,1418677341,2
1500,94,production/94_4,1430471315,0
1501,94,production/94_2,1430471313,1
1502,94,production/94_3,1418677372,2
1503,94,production/94_5,1418677364,3
1504,94,production/94_1,1418677309,4
1505,95,production/95_1,1418677387,0
1506,95,production/95_2,1418677396,1
1507,95,production/95_3,1418677425,2
1508,97,production/97_1,1418677518,0
1509,97,production/97_2,1418677576,1
1510,97,production/97_3,1418677581,2
1511,96,production/96_5,1418677504,0
1512,96,production/96_4,1418677499,1
1513,96,production/96_3,1418677492,2
1514,96,production/96_1,1418677488,3
1515,96,production/96_2,1418677461,4
1516,98,production/98_3,1418490884,0
1517,98,production/98_2,1418490816,1
1518,98,production/98_1,1418490694,2
1519,99,production/99_3,1418387280,0
1520,99,production/99_5,1418387278,1
1521,99,production/99_4,1418387195,2
1522,99,production/99_2,1418387166,3
1523,99,production/99_1,1418387162,4
